{"cameraMode":{"drawMode":0,"name":"Shaded","section":"Shading Mode"},"sceneLighting":true,"audioPlay":false,"sceneViewState":{"showFog":true,"showMaterialUpdate":false,"showSkybox":true,"showFlares":true,"showImageEffects":true,"showParticleSystems":true},"in2DMode":false,"pivot":{"x":82.59884643554688,"y":4.90336799621582,"z":-81.95606994628906},"rotation":{"x":-0.2662375569343567,"y":-0.2098609060049057,"z":0.059508755803108218,"w":-0.9389007687568665},"size":21.62911605834961,"orthographic":false}