{"cameraMode":{"drawMode":0,"name":"Shaded","section":"Shading Mode"},"sceneLighting":false,"audioPlay":false,"sceneViewState":{"showFog":true,"showMaterialUpdate":false,"showSkybox":false,"showFlares":true,"showImageEffects":true,"showParticleSystems":true},"in2DMode":false,"pivot":{"x":100.0607681274414,"y":1.3077876567840577,"z":-95.10486602783203},"rotation":{"x":-0.2662375569343567,"y":-0.2098609060049057,"z":0.059508755803108218,"w":-0.9389007687568665},"size":1.6126701831817628,"orthographic":false}